thg_row;jahr;adresse_uba;grund
2;2025;Schloß 4, 97980 Bad Mergentheim;"kein plausibler LSR-Treffer; nur Bahnhofplatz 0 in PLZ"
4;2025;Kaiserallee 1, 76530 Baden-Baden;"kein plausibler LSR-Treffer auf Straße; nur Friedrichstr./Friedenstr. in PLZ"
41;2025;Seidenstraße 23, 70176 Stuttgart;"kein plausibler LSR-Treffer; nur Breitscheidstr. 0/Jobstweg in PLZ"
45;2024;Schloß 4, 97980 Bad Mergentheim;"kein plausibler LSR-Treffer; nur Bahnhofplatz 0 in PLZ"
58;2024;Max-Egon-Straße 18, 78166 Donaueschingen;"kein plausibler LSR-Treffer; nur Irmastraße/Bahnhofstr. in PLZ"
60;2024;Kaiserallee 1, 76530 Baden-Baden;"kein plausibler LSR-Treffer auf Straße; nur Friedrichstr./Friedenstr. in PLZ"
61;2024;Hubertus-Liebrecht-Straße 35, 88400 Biberach an der Riß;"kein plausibler LSR-Treffer; nur Aspachstr./Karlstr. in PLZ"
79;2024;Kinzigstraße 8, 77652 Offenburg;"kein plausibler LSR-Treffer; nur Badstr. 24 in PLZ"
85;2024;Seidenstraße 23, 70176 Stuttgart;"kein plausibler LSR-Treffer; nur Breitscheidstr. 0/Jobstweg in PLZ"
